question-title,question-title 2,question-title href
1,Subsets,https://leetcode.com/problems/subsets
2,Gray Code,https://leetcode.com/problems/gray-code
3,Subsets II,https://leetcode.com/problems/subsets-ii
4,Single Number,https://leetcode.com/problems/single-number
5,Single Number II,https://leetcode.com/problems/single-number-ii
6,Reverse Bits,https://leetcode.com/problems/reverse-bits
7,Number of 1 Bits,https://leetcode.com/problems/number-of-1-bits
8,Bitwise AND of Numbers Range,https://leetcode.com/problems/bitwise-and-of-numbers-range
9,Power of Two,https://leetcode.com/problems/power-of-two
10,Single Number III,https://leetcode.com/problems/single-number-iii
11,Missing Number,https://leetcode.com/problems/missing-number
12,Find the Duplicate Number,https://leetcode.com/problems/find-the-duplicate-number
13,Maximum Product of Word Lengths,https://leetcode.com/problems/maximum-product-of-word-lengths
14,Counting Bits,https://leetcode.com/problems/counting-bits
15,Power of Four,https://leetcode.com/problems/power-of-four
16,Sum of Two Integers,https://leetcode.com/problems/sum-of-two-integers
17,Find the Difference,https://leetcode.com/problems/find-the-difference
18,UTF-8 Validation,https://leetcode.com/problems/utf-8-validation
19,Maximum XOR of Two Numbers in an Array,https://leetcode.com/problems/maximum-xor-of-two-numbers-in-an-array
20,Number Complement,https://leetcode.com/problems/number-complement
21,Total Hamming Distance,https://leetcode.com/problems/total-hamming-distance
22,Set Mismatch,https://leetcode.com/problems/set-mismatch
23,Binary Number with Alternating Bits,https://leetcode.com/problems/binary-number-with-alternating-bits
24,Prime Number of Set Bits in Binary Representation,https://leetcode.com/problems/prime-number-of-set-bits-in-binary-representation
25,Transform to Chessboard,https://leetcode.com/problems/transform-to-chessboard
26,Binary Gap,https://leetcode.com/problems/binary-gap
27,Bitwise ORs of Subarrays,https://leetcode.com/problems/bitwise-ors-of-subarrays
28,Triples with Bitwise AND Equal To Zero,https://leetcode.com/problems/triples-with-bitwise-and-equal-to-zero
29,Minimum Number of K Consecutive Bit Flips,https://leetcode.com/problems/minimum-number-of-k-consecutive-bit-flips
30,Complement of Base 10 Integer,https://leetcode.com/problems/complement-of-base-10-integer
31,XOR Queries of a Subarray,https://leetcode.com/problems/xor-queries-of-a-subarray
32,Minimum Flips to Make a OR b Equal to c,https://leetcode.com/problems/minimum-flips-to-make-a-or-b-equal-to-c
33,Number of Steps to Reduce a Number to Zero,https://leetcode.com/problems/number-of-steps-to-reduce-a-number-to-zero
34,Number of Steps to Reduce a Number in Binary Representation to One,https://leetcode.com/problems/number-of-steps-to-reduce-a-number-in-binary-representation-to-one
35,Count Triplets That Can Form Two Arrays of Equal XOR,https://leetcode.com/problems/count-triplets-that-can-form-two-arrays-of-equal-xor
36,XOR Operation in an Array,https://leetcode.com/problems/xor-operation-in-an-array
37,Maximum XOR With an Element From Array,https://leetcode.com/problems/maximum-xor-with-an-element-from-array
38,Decode XORed Array,https://leetcode.com/problems/decode-xored-array
39,Count Pairs With XOR in a Range,https://leetcode.com/problems/count-pairs-with-xor-in-a-range
40,Maximum XOR for Each Query,https://leetcode.com/problems/maximum-xor-for-each-query
41,Find XOR Sum of All Pairs Bitwise AND,https://leetcode.com/problems/find-xor-sum-of-all-pairs-bitwise-and
42,Maximum Genetic Difference Query,https://leetcode.com/problems/maximum-genetic-difference-query
